image_id ,predicted_class
1168548602317220 ,Negative
100414884507915 ,Negative
1122086869411930 ,Negative
1352335409312030 ,Positive
1657070088000180 ,Positive
1525506123854410 ,Positive
1100331488538940 ,Positive
115236330077551 ,Negative
150525316484861 ,Negative
1003000195528860 ,Negative
1745496505671610 ,Negative
1328718791066260 ,Positive
112709280627341 ,Negative
1664339902306220 ,Positive
1018417649272120 ,Positive
119315348720731 ,Negative
174133957602885 ,Negative
1621273800830530 ,Negative
1194380664870610 ,Positive
135337446011228 ,Negative
1052920341788030 ,Negative
1580651102392720 ,Negative
1249034665476480 ,Negative
1145001991395310 ,Positive
1099541886719530 ,Negative
13278261614906 ,Negative
1555941275657280 ,Negative
1199904841937900 ,Positive
154738270323922 ,Negative
1242442715694690 ,Positive
1395709942071860 ,Positive
1778878321178520 ,Positive
1634380595090450 ,Negative
1176784395495420 ,Positive
1134376741876880 ,Positive
1631660163356670 ,Negative
1552174824654620 ,Positive
1648055030641250 ,Negative
1438868100413840 ,Negative
1787849325739980 ,Positive
1450656571354860 ,Negative
1576790537683120 ,Positive
1705079052279470 ,Positive
1417083598549870 ,Positive
1743087612971860 ,Negative
1714960009433620 ,Negative
1415646750058610 ,Positive
1704977973139340 ,Positive
1583764225161000 ,Positive
1119528317450100 ,Negative
1338050840769660 ,Positive
1407394345524830 ,Negative
1724745692331840 ,Negative
1550780674564930 ,Negative
1152169212222810 ,Negative
1441580311979020 ,Positive
1091105977693760 ,Negative
1642369984882900 ,Positive
1757622070701680 ,Positive
1414017568987530 ,Positive
160946871700256 ,Positive
1577127560598300 ,Negative
110054741941138 ,Positive
1513667659737560 ,Positive
1578095257429070 ,Negative
1143274983957500 ,Negative
1559706017536020 ,Negative
1069416561175130 ,Positive
1136376134456840 ,Negative
1067596016288630 ,Positive
1687987306638400 ,Negative
1322851803070360 ,Positive
1200444263919470 ,Positive
1449359658481120 ,Positive
1215523812078800 ,Negative
1685826018169290 ,Positive
1788695619747160 ,Negative
1196421740619520 ,Negative
1602338532726920 ,Negative
1133086387228860 ,Negative
1080812882002590 ,Negative
1116259369794340 ,Positive
1445011831208620 ,Positive
1714152842133390 ,Positive
1582309232704260 ,Negative
1424357325947020 ,Positive
1671500578718600 ,Negative
1238227910384890 ,Positive
1136808331596850 ,Negative
151572834139617 ,Positive
1557498549474760 ,Negative
1153524880103280 ,Negative
1010071041146210 ,Positive
1731770233688560 ,Negative
1348725190623140 ,Positive
1412477469657130 ,Negative
1754651554230980 ,Negative
1236624236710870 ,Negative
1030100800539940 ,Negative
1007996080564280 ,Positive
1570575908774760 ,Negative
1724755598541910 ,Negative
1679438000903400 ,Negative
1090658531217760 ,Negative
1413928963715950 ,Positive
1424727441801920 ,Negative
1517085281399980 ,Negative
1589290162583210 ,Positive
1681194384944320 ,Negative
1048654569933820 ,Negative
1049041503665060 ,Negative
160571828502743 ,Negative
1042953891843060 ,Positive
1146435642325270 ,Positive
1333949607509470 ,Positive
1535072993469810 ,Negative
1056985265517320 ,Negative
1785435468169200 ,Negative
1333101009843110 ,Negative
121230101620684 ,Negative
1209357958700590 ,Positive
1406220742928650 ,Positive
1440578218650550 ,Negative
1403165510783140 ,Negative
1202628016961190 ,Positive
1198550389088640 ,Negative
1068806808981430 ,Negative
1046090859735970 ,Negative
169866094061368 ,Negative
139928031044414 ,Positive
169836980220425 ,Negative
1216422122412130 ,Negative
1362399043461210 ,Positive
1686000395232190 ,Positive
1672893686491580 ,Negative
1209942448637570 ,Negative
1115087089933340 ,Positive
1449050082055010 ,Negative
1606816475311800 ,Positive
1130950209993730 ,Negative
1079563732439030 ,Positive
1659760287019590 ,Negative
144707280983078 ,Negative
1484323064705550 ,Negative
1397475340715160 ,Negative
1227867941030070 ,Negative
1178119483457760 ,Negative
1580538258339370 ,Positive
1067264337993990 ,Negative
1531250421695950 ,Positive
1789236621499780 ,Negative
1687077554236460 ,Positive
1634885038390180 ,Negative
1594602674591160 ,Negative
1639276872836850 ,Negative
1625928739869570 ,Negative
1108458693541640 ,Positive
1005105141165160 ,Negative
1718566945377560 ,Positive
151257942830496 ,Positive
1781889864529250 ,Positive
1040108699715270 ,Positive
1598804728884340 ,Negative
1345762601298100 ,Positive
1677096568038140 ,Negative
1438727854556890 ,Positive
1714003582630430 ,Negative
1787577672095130 ,Negative
1330161943008070 ,Negative
1708548782998600 ,Negative
1645732392835550 ,Positive
1530600545196800 ,Negative
1469445735254490 ,Negative
1373710046441790 ,Positive
1679722288754820 ,Positive
1203194936849610 ,Negative
1574729685493380 ,Positive
1480557836720980 ,Negative
1204293898709440 ,Negative
1535007811636560 ,Negative
1018897850390160 ,Negative
1042386933467720 ,Positive
1684808603628040 ,Positive
1186560678974120 ,Positive
1013558286535260 ,Negative
1774043063513690 ,Positive
1522378374208140 ,Negative
1778463301643630 ,Positive
115199538562578 ,Negative
147937992613165 ,Negative
1669635349739790 ,Positive
1575507806398190 ,Positive
1370956798333330 ,Negative
1217747725098600 ,Negative
1521945087356260 ,Positive
1102418063381790 ,Positive
1349207744786900 ,Negative
1673383199247620 ,Negative
1144416471567400 ,Positive
1141391499686340 ,Positive
1436968056517800 ,Positive
1721373796627300 ,Positive
1546472689880460 ,Negative
1348105652585860 ,Negative
1113045862829350 ,Positive
1666010889861820 ,Positive
1546830509521430 ,Positive
1010608023623150 ,Negative
1483913219520410 ,Negative
1765701707708090 ,Positive
1355276381715400 ,Negative
1445981201088490 ,Positive
1414572210068950 ,Positive
1419709300428410 ,Negative
1527763381980740 ,Negative
1114400454251100 ,Positive
1768541164390550 ,Negative
1020275567842990 ,Negative
1548438336076520 ,Positive
1619347472319990 ,Positive
1521132501881710 ,Negative
1355418092538540 ,Positive
1603480773226390 ,Positive
1113884770784560 ,Positive
1462630007668290 ,Positive
1729387687964830 ,Positive
1451217228430850 ,Positive
1704406133015390 ,Negative
121897217364607 ,Positive
1054353983887560 ,Positive
1454317249616650 ,Positive
1143386938211110 ,Negative
1436309033047890 ,Negative
1429247496492280 ,Negative
1337593218249910 ,Negative
121719379235382 ,Positive
1528454958349690 ,Negative
1727527132462570 ,Positive
1555205687307850 ,Negative
1211722735674610 ,Negative
123374286596229 ,Positive
1344287083704350 ,Positive
1238672874886230 ,Negative
1772925092212350 ,Positive
1525620619517740 ,Negative
1455249653537530 ,Negative
1393479969006690 ,Positive
1486916274212970 ,Positive
1458287056113950 ,Positive
1745655181315940 ,Negative
1427612872552020 ,Positive
1726764986624030 ,Negative
1206554651113020 ,Positive
1023647856545890 ,Negative
1001470542104710 ,Negative
159400450662769 ,Negative
1599053995750380 ,Positive
159091453138817 ,Positive
1427224988204790 ,Negative
1540058216630540 ,Negative
1068874355295870 ,Negative
1377576147121130 ,Positive
1376172085728900 ,Positive
1203174948173330 ,Positive
122059940947033 ,Positive
1681904665993930 ,Positive
1545226762109560 ,Positive
150257956774325 ,Positive
1242637398607590 ,Negative
1163659798049560 ,Positive
1009015077842410 ,Negative
1428722270639420 ,Negative
1659979830358260 ,Negative
1311890693082410 ,Positive
1095940049949630 ,Positive
1011053417335270 ,Positive
1650207623094540 ,Negative
1373773680683460 ,Positive
1104959358994240 ,Positive
12396267842927 ,Negative
1187174007272840 ,Negative
1700152458831840 ,Negative
1350310927909550 ,Positive
1424732897505670 ,Negative
1113783086677480 ,Positive
1723465912200840 ,Positive
1503700488692530 ,Positive
1013263950320460 ,Negative
1017439149430720 ,Positive
1510997208092160 ,Negative
1053291438390620 ,Positive
1539754598780520 ,Positive
1610177377357590 ,Positive
1055268219283260 ,Negative
169785068215012 ,Negative
1507773687139070 ,Positive
1220923664023410 ,Positive
1032519539571720 ,Negative
1754663792210030 ,Negative
1502614615687470 ,Positive
1133016343436270 ,Positive
1342266521961120 ,Negative
1677039251108600 ,Positive
1192649374330320 ,Negative
1774280006950860 ,Negative
142417138312861 ,Positive
1389012829552480 ,Negative
1179640091296240 ,Positive
1551486096457730 ,Positive
1695578082115890 ,Positive
1023958922328360 ,Negative
1706932543393040 ,Positive
1627966977559340 ,Positive
1360234496669460 ,Negative
1405478616540180 ,Positive
1572331863982670 ,Negative
1514751596908070 ,Positive
1048736028578840 ,Negative
1167257668124070 ,Positive
1501498582326340 ,Negative
1437229222339140 ,Positive
1500216008041770 ,Positive
1000502603639350 ,Negative
13207044444577 ,Positive
1242519113518580 ,Negative
1431087008288780 ,Positive
1786334289416120 ,Negative
1239007261866230 ,Positive
1462629092816410 ,Negative
1052550739243060 ,Negative
136177286170610 ,Positive
1753855563708440 ,Negative
1320745742874480 ,Negative
1157699813015500 ,Negative
1435534696585700 ,Positive
1500081832962640 ,Negative
1246542967153070 ,Negative
142906451996414 ,Negative
1572144090290140 ,Positive
1024659615175770 ,Negative
1718915978761030 ,Positive
1622989166413010 ,Negative
1630854152459070 ,Negative
1715538259380030 ,Negative
1754795117831820 ,Negative
1193973769920450 ,Positive
1510389288901150 ,Positive
11696842966073 ,Negative
1441309799407860 ,Negative
1101504761723780 ,Negative
1357941698781570 ,Positive
1520537878321900 ,Positive
1212393420901030 ,Negative
1722872263199170 ,Positive
1028040261452230 ,Positive
1204974080866100 ,Negative
1773013691368960 ,Positive
1550071097348330 ,Negative
1348931272125430 ,Negative
1607057859076470 ,Positive
1001567159154470 ,Positive
142235266323786 ,Positive
1701384485471690 ,Negative
1431186165097840 ,Positive
1743730797951940 ,Negative
132473638051261 ,Negative
1745184909348260 ,Positive
1180672087796050 ,Negative
1762679641204180 ,Positive
15272720664965 ,Positive
140853543489480 ,Positive
1315415682782020 ,Negative
1689848343985370 ,Positive
1316937104232130 ,Positive
1413253484672450 ,Negative
1168738571140430 ,Positive
1388064312347710 ,Positive
1096686683976900 ,Negative
1421355492068780 ,Positive
1478968574683080 ,Positive
1699160805871690 ,Negative
1763090563562110 ,Positive
1655569367309060 ,Positive
1754018977403130 ,Negative
1224348366574190 ,Positive
1694734466667350 ,Negative
1394019872636010 ,Positive
1393559491155560 ,Positive
1409960087478810 ,Positive
1550999122113310 ,Positive
1066782995066360 ,Negative
1764686731400690 ,Negative
1683865988259660 ,Negative
1079496999597480 ,Positive
1008383552085470 ,Negative
1581684547876490 ,Positive
1534894174165390 ,Negative
1519438087231960 ,Negative
1606704471671830 ,Positive
1519485348918180 ,Negative
1077862083242890 ,Negative
1140308222472850 ,Positive
134297748178631 ,Negative
1373495306425230 ,Negative
1531005950743930 ,Positive
1741453268283480 ,Positive
1563426821824450 ,Positive
1410513251062600 ,Positive
1217142001809630 ,Positive
1690983465831060 ,Negative
1194909300897450 ,Negative
1665788997297120 ,Negative
173015531706205 ,Negative
1773042658884530 ,Negative
1672832064081500 ,Positive
1481758569828580 ,Positive
1002456236828970 ,Positive
174529680860026 ,Negative
1580031079320380 ,Negative
1234045910879050 ,Positive
1420420973962290 ,Negative
1438136590617810 ,Negative
1005705916066310 ,Negative
1717620116318600 ,Positive
1519016325455150 ,Positive
1495470031865070 ,Negative
1481978253768440 ,Positive
1476031701398750 ,Positive
1498355986479460 ,Positive
1227332922610340 ,Negative
1021571855714350 ,Positive
1160728831914020 ,Positive
1056441428363580 ,Negative
1000680161643090 ,Negative
1655016035557400 ,Negative
1530032482693390 ,Negative
1014890221518150 ,Negative
136281701144646 ,Negative
1358757056545340 ,Negative
1199580616499170 ,Negative
1035856092364320 ,Negative
1609288774314900 ,Negative
1247460417782620 ,Positive
1452207968143730 ,Negative
1398827752893050 ,Positive
1026137221387720 ,Negative
1729734969453080 ,Positive
1004539611112230 ,Negative
1051209052729320 ,Negative
1120859708413480 ,Negative
1755543391505630 ,Positive
1178372319937430 ,Negative
1342440282919780 ,Positive
1691459418974410 ,Negative
1189791099512400 ,Negative
1645857909745880 ,Positive
1683806972910270 ,Positive
1136090194681730 ,Positive
1103531391853530 ,Negative
1202050204284230 ,Negative
10158635641126 ,Negative
1059833863003430 ,Negative
1050681088732170 ,Negative
1697420600113520 ,Negative
1193823168797820 ,Negative
1204617552766410 ,Positive
1477223801602400 ,Positive
148008454816870 ,Negative
1101409438325770 ,Negative
1499443641251800 ,Negative
164953952179349 ,Negative
1347755127108860 ,Negative
100674892849406 ,Positive
1090913214184560 ,Negative
1435323588423320 ,Positive
1488961304581710 ,Positive
1569903812597850 ,Negative
1345858681168370 ,Negative
1038758231327970 ,Positive
177185529886895 ,Positive
1094757521225980 ,Negative
155417252875675 ,Positive
1336848438971710 ,Negative
1046077855143700 ,Negative
1052923545115390 ,Positive
1205408532935800 ,Negative
1098589242641570 ,Positive
1353240930849900 ,Negative
1700639839607260 ,Negative
1630121700069430 ,Negative
1363041081282120 ,Negative
1238548567517940 ,Positive
1356435709706100 ,Positive
1522396924488820 ,Positive
1566909579755590 ,Negative
1088002096284670 ,Positive
1177206358384800 ,Negative
1532385070479740 ,Negative
1206903599115010 ,Negative
1476599222472700 ,Negative
1364803997938550 ,Negative
1097414930147600 ,Negative
1088603716214240 ,Negative
1611465635942360 ,Negative
1151161400683650 ,Positive
1413439450749790 ,Positive
1244643798821400 ,Negative
1451487855050070 ,Negative
1578880704292250 ,Positive
1014057488685350 ,Negative
1543100679445740 ,Negative
1100017231318910 ,Negative
1553155964623610 ,Positive
1487656836662080 ,Negative
1238901367674430 ,Negative
1443607259732180 ,Negative
1576877200189040 ,Negative
1126237169654520 ,Negative
1116916348926700 ,Negative
1195435567327130 ,Negative
1375107010026620 ,Positive
1688389683804870 ,Negative
1145920875211360 ,Negative
1674680988601250 ,Positive
1230905365415200 ,Negative
1134744766959990 ,Positive
1169420771702550 ,Positive
1424415214808060 ,Positive
1407513061070700 ,Negative
1318633098585450 ,Positive
1080463074981260 ,Negative
1434196035676530 ,Negative
1241903375877960 ,Positive
1175873252970280 ,Negative
1003068185138240 ,Positive
1701463243852690 ,Positive
1215234309081820 ,Positive
115850314458108 ,Negative
1425964391194440 ,Positive
1327673480464880 ,Negative
1681762326175900 ,Negative
1178453319877560 ,Negative
1064149525210080 ,Positive
1520314966556310 ,Positive
1689793900871620 ,Negative
1593420524935850 ,Negative
1527981331730780 ,Positive
1502143108462610 ,Negative
1032664115415210 ,Positive
1663311830351080 ,Negative
1516333336649920 ,Positive
1692380128095170 ,Positive
1462810641717280 ,Negative
1664913790073150 ,Positive
1619689727350350 ,Negative
1083825970056910 ,Negative
104582394889 ,Negative
1728893251076770 ,Negative
1086279553073450 ,Positive
1754038462432450 ,Positive
1330225988513120 ,Positive
1418731567812700 ,Negative
1480039622597580 ,Positive
1202281300617080 ,Negative
1537966016442320 ,Positive
1700685887578190 ,Negative
1446919373200500 ,Positive
16627954913647 ,Positive
1784870492972090 ,Negative
102447742495053 ,Negative
140482044890935 ,Negative
1355032974080750 ,Negative
1219572349085840 ,Positive
1054796368613820 ,Negative
1325547511462610 ,Positive
1449133689269320 ,Negative
1752804879340940 ,Positive
1573154025247060 ,Positive
1649221981641220 ,Positive
1549589093951050 ,Positive
1209841886726960 ,Positive
1594534070266440 ,Negative
1594656110302890 ,Positive
1477016833137770 ,Positive
1426314730449930 ,Positive
1152013424823320 ,Positive
16619809946532 ,Positive
144487993923041 ,Positive
1478837897148210 ,Positive
1742829173275810 ,Positive
1394315761887210 ,Negative
1712197885072700 ,Positive
1352358524166230 ,Positive
1620073263573140 ,Positive
1661821825253120 ,Positive
17442030746611 ,Negative
1351765875742780 ,Negative
1333385362351550 ,Positive
1211006710782670 ,Negative
1377883316307510 ,Negative
175321732659906 ,Negative
1545691957181270 ,Positive
110908506572851 ,Negative
1641600747504680 ,Positive
1718745859728450 ,Positive
1618231345979330 ,Negative
1097522673359120 ,Negative
1682327833916320 ,Positive
1172676755867750 ,Negative
1370739205451290 ,Negative
1574286527946480 ,Negative
1547919199542620 ,Positive
1105029068674210 ,Positive
1441127707719320 ,Positive
1727677018370930 ,Negative
1592180590103030 ,Negative
1161279791924320 ,Negative
1459793902326690 ,Negative
174417631973316 ,Positive
1677567809986350 ,Negative
1657429455164720 ,Positive
1491258049398210 ,Positive
1044676543049790 ,Positive
1432688572459210 ,Negative
1241157514203770 ,Positive
1032157599493060 ,Positive
1225579008942510 ,Positive
1443500004001620 ,Negative
1710256647643610 ,Negative
1790629605096460 ,Positive
1179337096369650 ,Negative
1130356948607440 ,Positive
1728828365234270 ,Positive
1641555179193450 ,Negative
1416146783707270 ,Positive
1420105776109600 ,Negative
100863428045540 ,Negative
1211866638008900 ,Positive
1504176682127980 ,Positive
1235546832089140 ,Negative
1557789834052260 ,Positive
1669485656045780 ,Positive
1025186357632390 ,Negative
1194047962330690 ,Negative
1584490358727160 ,Negative
1649269746398480 ,Positive
1704388695982370 ,Positive
1583369104334950 ,Negative
1138882426227310 ,Negative
1509082042975020 ,Positive
1223004908480840 ,Negative
1355580621524480 ,Positive
1130346097297170 ,Positive
1167436025351680 ,Negative
1729494387280190 ,Positive
1672231687617510 ,Negative
1354291396368940 ,Positive
1561671343435710 ,Negative
1018177031372760 ,Positive
1168818060950050 ,Positive
1733995791726580 ,Negative
1495730440402290 ,Negative
1401687619007710 ,Negative
1694550992003060 ,Negative
1462202890072930 ,Positive
1703707024102400 ,Positive
1136720187981270 ,Negative
1011399361649610 ,Positive
1563612158875480 ,Negative
1154948992569570 ,Negative
1054594103919950 ,Positive
1040519910097280 ,Positive
1137788170692110 ,Positive
1629227922665430 ,Negative
1462092885531330 ,Positive
1089241401623860 ,Positive
1066111608548630 ,Positive
1000228345963500 ,Positive
1345728133879320 ,Positive
1186832208360500 ,Positive
1008633147610230 ,Negative
1183118376905500 ,Positive
1072269224300050 ,Positive
1547007991311800 ,Negative
1376883547228400 ,Positive
1498692907017290 ,Positive
1625463323348050 ,Negative
1644158421719290 ,Negative
1197697146874840 ,Positive
137963216923149 ,Positive
1780597309474290 ,Negative
1089524681335170 ,Negative
1632665017139350 ,Negative
144247553244557 ,Negative
1466222144156240 ,Negative
1056195516858960 ,Negative
1764882373744410 ,Negative
1595585067548480 ,Negative
1357003500047990 ,Negative
1030348180429540 ,Negative
1421784221450440 ,Positive
1475121751302550 ,Positive
1777425042943010 ,Positive
1543598003734490 ,Negative
1372056956022800 ,Negative
1701558814301440 ,Negative
1650224276584070 ,Positive
1583893233200900 ,Positive
1107241284179660 ,Negative
1786698114263140 ,Positive
116862408660715 ,Positive
1325281240974350 ,Negative
1201834008383010 ,Negative
170332556839442 ,Negative
1747928871436860 ,Negative
1513469638049060 ,Negative
1092046862606860 ,Negative
1088000875345660 ,Positive
1027106748947720 ,Negative
110572151346582 ,Positive
101276404218600 ,Negative
176322750952453 ,Positive
1066313615702400 ,Negative
1735804170301930 ,Positive
1687928001619010 ,Negative
167172487616470 ,Negative
1413974358659580 ,Positive
1469789308612960 ,Positive
1143205789891300 ,Negative
1706873225125980 ,Negative
154689027443247 ,Negative
1584999150308790 ,Positive
1738678215120960 ,Positive
17396188987509 ,Positive
1525041275010950 ,Negative
1535847163533910 ,Negative
1402723156043210 ,Negative
1469858106480030 ,Positive
1177348359148070 ,Negative
1171519048440180 ,Negative
1685292333128740 ,Positive
1117539358030050 ,Negative
1697932101224460 ,Positive
1072287135953680 ,Negative
1428353343231490 ,Negative
1115135372614140 ,Positive
1087461338916380 ,Positive
1010416533651180 ,Negative
1380114461523720 ,Positive
1171501259680780 ,Positive
1127407858752950 ,Positive
1141981551523290 ,Negative
1106874235118610 ,Negative
1122899655428960 ,Positive
1191972501288640 ,Negative
1727401576313430 ,Negative
1487284577644380 ,Negative
1677015582095020 ,Positive
1598610956462790 ,Negative
1073124943650670 ,Positive
1002176622750580 ,Negative
1339198644348310 ,Positive
1740564653836210 ,Negative
110209112478427 ,Negative
1226550455917540 ,Positive
1473697013494800 ,Positive
14335172302666 ,Positive
1434659845601990 ,Negative
178591791514525 ,Negative
155203942744017 ,Negative
1540293806349590 ,Negative
123266444243617 ,Negative
1180164740923350 ,Positive
1696828705976650 ,Negative
161729040956140 ,Negative
1541072487413560 ,Positive
1522480140252610 ,Negative
1720383673854210 ,Negative
1240410805278030 ,Positive
1425522646991210 ,Negative
1397317851947940 ,Negative
11195780401227 ,Positive
1763764259370560 ,Positive
146457644574663 ,Negative
1170222133140190 ,Negative
1342188879873930 ,Positive
1160263711473360 ,Positive
1326387163682090 ,Negative
1313000072001790 ,Negative
1418285298551880 ,Negative
1000324142734680 ,Negative
1781105497328820 ,Positive
1030709953530360 ,Negative
149407425337155 ,Negative
1493491723941440 ,Negative
1006609203421790 ,Positive
1023125852861870 ,Negative
1452537031559490 ,Negative
17068850893298 ,Negative
1778256460017730 ,Positive
1392587980395960 ,Positive
1335846133714260 ,Positive
1415711539041170 ,Positive
1644363401820410 ,Negative
1041536974078850 ,Negative
1196986423615480 ,Positive
1103581410226710 ,Positive
1696230227195440 ,Negative
154830806167247 ,Negative
1499440694923580 ,Negative
1072234884439310 ,Positive
1635993334392370 ,Positive
1025827436336770 ,Positive
1061370277472850 ,Negative
1034671279580350 ,Positive
1643454578375440 ,Negative
1591745027971800 ,Negative
151805340934759 ,Negative
1447976936646110 ,Positive
1568066206898 ,Positive
1193842254423780 ,Negative
1747411287081130 ,Positive
1352460770244240 ,Negative
1092708606263070 ,Positive
1552039654423070 ,Positive
106591474889621 ,Positive
1495972132737590 ,Negative
1585568291111020 ,Positive
1467713885419130 ,Negative
1667420475042230 ,Positive
139904525479142 ,Positive
15947492432201 ,Negative
1645540615499080 ,Negative
1486517626434690 ,Positive
1666685253188140 ,Positive
1761625286559350 ,Negative
1145182330008570 ,Positive
1334006255249180 ,Negative
1573173903194060 ,Positive
1111339914992200 ,Negative
1537199279199840 ,Positive
1093751133340670 ,Positive
1067290557729510 ,Negative
163227108611293 ,Positive
1118671925130390 ,Negative
1318736474062690 ,Negative
1494771901922420 ,Negative
1189260384979090 ,Positive
1621662675962570 ,Positive
1107110333668110 ,Positive
1333885232677130 ,Negative
1161027042177950 ,Negative
1694893238925510 ,Negative
1498984295325010 ,Positive
1061437607982660 ,Positive
1581838224866830 ,Positive
1467769639646840 ,Positive
1538401880654490 ,Negative
1678937691022610 ,Positive
1033318792074800 ,Negative
1478953389582490 ,Positive
1666842561669240 ,Negative
1102896599824260 ,Negative
1079276129158310 ,Positive
1238871010468930 ,Positive
1396662900527670 ,Positive
1565541399913970 ,Positive
1070111036361210 ,Positive
1344159411982200 ,Positive
1677337701277800 ,Negative
1001765803830120 ,Positive
1559169511526960 ,Positive
1037380274001590 ,Positive
1336290682107720 ,Positive
17324994687206 ,Positive
1074066691460410 ,Positive
1146494178074200 ,Positive
1697865743007780 ,Positive
1222367518442290 ,Positive
1625932492382910 ,Positive
1425414239891550 ,Positive
1130308615102110 ,Negative
1132404183083990 ,Positive
1501827049037670 ,Positive
1654561717057320 ,Negative
1335108085398520 ,Positive
1612268258318710 ,Positive
1314192276180390 ,Negative
1700820554741890 ,Positive
1515696759753190 ,Negative
1712426276907580 ,Negative
143644954175161 ,Negative
1666306365927990 ,Positive
1345647706932390 ,Positive
1563374571523230 ,Negative
1749281299916480 ,Negative
1035348334490070 ,Negative
1426733537605250 ,Positive
1412291478596920 ,Positive
1060484267335320 ,Positive
1485484084187600 ,Negative
1710718962466500 ,Positive
1151001553487460 ,Positive
1481614804039930 ,Positive
1578887965931640 ,Positive
1772533283284700 ,Positive
1398895707020740 ,Positive
1181483744719050 ,Negative
17334123162381 ,Positive
1426707268888250 ,Positive
1534344373516810 ,Negative
1410449312966150 ,Negative
1465743250114040 ,Negative
1320877239486480 ,Positive
1748579966579250 ,Negative
1665704615569990 ,Negative
1497924531100670 ,Negative
1571103369555140 ,Negative
1433176836106160 ,Positive
1238060649907160 ,Positive
1745659896536840 ,Negative
1562617677256480 ,Positive
1049597079801790 ,Positive
1440162485796760 ,Positive
1713244290713180 ,Positive
173923981342197 ,Positive
1647533778359680 ,Positive
1186495041313590 ,Positive
1078228568190080 ,Negative
1168832337796590 ,Negative
104810661713829 ,Negative
1094536447583170 ,Negative
1542920507358360 ,Positive
1320203675727180 ,Positive
101982690651512 ,Negative
1391455011614890 ,Positive
161551620679554 ,Negative
1400136609634590 ,Positive
1236977397648970 ,Positive
1127429275749560 ,Negative
1338925909940630 ,Positive
1462917617073300 ,Negative
1061969695431210 ,Positive
1623451356229350 ,Negative
1053497394056880 ,Negative
1606924711825470 ,Positive
177628976562199 ,Negative
1377629248859480 ,Negative
1035383035826770 ,Positive
1616608717788640 ,Positive
135210392643277 ,Positive
1413287726174760 ,Negative
1561629387638280 ,Negative
1231814296750130 ,Negative
1736451754313510 ,Negative
110653541500608 ,Positive
1149179350932950 ,Negative
176832080391543 ,Negative
1506044962216660 ,Negative
1516145176996120 ,Negative
1532522052213480 ,Negative
1319498160378090 ,Positive
1202072881542810 ,Negative
1743675646902000 ,Positive
1092398343096400 ,Positive
1654362753229640 ,Positive
161182952020635 ,Positive
1086762761943070 ,Positive
1059411916728 ,Negative
1770147079265550 ,Negative
1752492263568120 ,Negative
1653162580814950 ,Negative
1723667781670480 ,Negative
1127996993160260 ,Positive
1677221808119350 ,Negative
1082525873902690 ,Positive
1681000397183290 ,Positive
1006709712994730 ,Positive
1013256833374200 ,Negative
161889145715204 ,Negative
1597826483448210 ,Positive
1005173926339200 ,Negative
1152150310561950 ,Positive
1349036322435260 ,Positive
1610320067720070 ,Negative
1018211268948460 ,Positive
1074491636479150 ,Positive
1338477042278960 ,Positive
122810765968280 ,Positive
1593583029631760 ,Positive
1456715997881120 ,Negative
1466399795622040 ,Positive
1771057102908330 ,Negative
102038955468366 ,Negative
1663547306543440 ,Positive
1321895788979870 ,Negative
1311200671405610 ,Negative
1142710310970730 ,Positive
1012531295068340 ,Negative
1104012767077590 ,Positive
1350600257281030 ,Negative
1162306320656520 ,Positive
1150809580286680 ,Negative
1072764996265000 ,Negative
1315764921330660 ,Negative
1770323172402950 ,Negative
1618733476265490 ,Positive
1443739008039760 ,Positive
1387136884360230 ,Negative
1189425724271950 ,Positive
1586497252901090 ,Positive
1043906079126190 ,Positive
1534685997842410 ,Positive
1482363502821540 ,Positive
1702552514420360 ,Negative
1083189368658280 ,Positive
1192088404994430 ,Negative
113365652568420 ,Negative
1068940534091340 ,Positive
1122154030813740 ,Negative
1126869985407200 ,Negative
1003557972398880 ,Positive
1230886553065420 ,Negative
1420755224205860 ,Negative
1532765796648810 ,Positive
1585327537198360 ,Negative
1781766610484400 ,Positive
1433592258623100 ,Negative
1355611255959390 ,Positive
1390729138996860 ,Negative
1175201846757330 ,Negative
1111189555898240 ,Negative
131703600608291 ,Negative
1129501058265810 ,Positive
1716271913832750 ,Negative
1167738085777720 ,Positive
1560087227837080 ,Negative
1629103425502740 ,Negative
117834983775757 ,Positive
1706099526327140 ,Positive
1008171258427000 ,Positive
1789043800472250 ,Positive
1405421855042490 ,Negative
1705963065541110 ,Negative
1660320750200920 ,Positive
1074376653400160 ,Positive
112022059058947 ,Positive
1173804632955270 ,Negative
1776279634409930 ,Negative
1709717315437140 ,Negative
1224226942548540 ,Positive
1529509480588480 ,Positive
1192574081904600 ,Negative
1636058628472690 ,Negative
1686255415914150 ,Positive
1652924329351430 ,Positive
1220009277398820 ,Negative
1186974285079840 ,Positive
1695104494331460 ,Negative
1428395613387660 ,Positive
1332043099797850 ,Negative
1755214365006160 ,Positive
1517004859088640 ,Negative
140041421871494 ,Positive
1055197627037710 ,Negative
1052960470589590 ,Negative
1568107261952540 ,Negative
1491225377011960 ,Positive
144233654423110 ,Negative
1610387643356640 ,Positive
1586018161498770 ,Negative
1176066546117470 ,Negative
1363925662244200 ,Negative
1481824191887750 ,Negative
1021329549658930 ,Negative
1311673437721700 ,Negative
1417174185784530 ,Negative
1554225624976010 ,Negative
1464877584809860 ,Negative
1651761797492760 ,Negative
1701455428709240 ,Negative
1406824371605020 ,Negative
1520346897504310 ,Positive
1765400366678560 ,Positive
102971489305831 ,Positive
1398028541416720 ,Positive
1741326894919800 ,Positive
1318381906766990 ,Positive
1738203956804280 ,Positive
108528659421299 ,Positive
1115881877645480 ,Positive
116717932592999 ,Positive
1413718705081730 ,Positive
1531177417263430 ,Negative
173380795476858 ,Positive
1751779461279670 ,Positive
1659165992486120 ,Positive
1666105060433400 ,Negative
1465430177521750 ,Negative
1551061761525880 ,Positive
1785047509975640 ,Negative
1227883645974640 ,Positive
1116516483528270 ,Positive
1245183856286230 ,Positive
1700196589246380 ,Negative
1130317849504210 ,Positive
123995133602386 ,Positive
1364463685270150 ,Positive
1718270147734010 ,Negative
1197170425763530 ,Negative
1507500283653560 ,Negative
1179424495816250 ,Negative
1011331136123910 ,Positive
1687084334927690 ,Positive
1141063531180880 ,Negative
1210378585603090 ,Positive
157027012276274 ,Negative
1526107371651580 ,Negative
1681929872035600 ,Positive
1148928729615080 ,Positive
1324008510599020 ,Negative
1745332444810480 ,Positive
1456023394072680 ,Negative
1063861310193740 ,Negative
102171404669264 ,Negative
1636615602183150 ,Positive
1320525013556970 ,Positive
120505837732480 ,Positive
1459694544669160 ,Negative
1364820593937290 ,Positive
1070335052159040 ,Positive
1001331309398660 ,Negative
1115186692631920 ,Negative
1401074107199630 ,Negative
1438136244172220 ,Positive
1773003765142040 ,Positive
1585792776989950 ,Negative
132891888794928 ,Positive
1373592658027320 ,Positive
111751467959392 ,Negative
1533512839002090 ,Negative
1045607512272660 ,Positive
1503087719831150 ,Negative
1244651029911440 ,Negative
1479708442423380 ,Positive
1519296218506890 ,Positive
1323373886497010 ,Positive
1744050820969110 ,Negative
163754891722973 ,Negative
1747828634729480 ,Positive
156089279823023 ,Positive
1050399642530920 ,Negative
1423502259105680 ,Positive
1759613016214260 ,Negative
1714967118697930 ,Negative
1565422161116610 ,Positive
1766036156134460 ,Negative
1219356982038410 ,Negative
1317620421986750 ,Positive
1477123365014260 ,Positive
1245806425591870 ,Negative
1426922869478700 ,Positive
1452017719022320 ,Negative
1507943810415840 ,Negative
1705989514295910 ,Positive
1701980001907390 ,Negative
1451928091515740 ,Positive
1114228762272210 ,Positive
1537878407488300 ,Negative
1445008967029010 ,Positive
1407302875324700 ,Negative
1633857497381780 ,Negative
1138572742323910 ,Negative
1079238673540960 ,Positive
1436611787211040 ,Positive
1721712975391450 ,Positive
1248278198058670 ,Positive
1324423375691670 ,Positive
1717136218344580 ,Positive
1065184229781280 ,Positive
1729412682822910 ,Positive
1235442962406060 ,Positive
1195030794255440 ,Positive
1536259733160240 ,Positive
1607182623090900 ,Positive
1641924563696660 ,Negative
1535105929361800 ,Positive
146732030137663 ,Negative
1145101079789380 ,Negative
1335316154592060 ,Positive
1074980316461920 ,Negative
1159565907787190 ,Negative
1583636234886470 ,Negative
1237603840265420 ,Negative
1560817343096300 ,Negative
1318701593053840 ,Negative
1476872919617640 ,Positive
1075506803336150 ,Negative
1746363518140640 ,Positive
1347190745131980 ,Positive
1212047122777600 ,Negative
1108837953625260 ,Positive
1486054250094260 ,Negative
1009610229194910 ,Positive
1781241344821200 ,Negative
1720593990349510 ,Positive
1120761564881300 ,Negative
1418388534767420 ,Negative
1667942085251300 ,Negative
1737740654444070 ,Negative
1221984317335230 ,Negative
162587854288397 ,Positive
1080393064604410 ,Positive
107689189101997 ,Positive
1620196838727050 ,Positive
1021854711801910 ,Positive
1012381049317650 ,Negative
1377891499358740 ,Positive
1552611518085120 ,Positive
1575335479930300 ,Positive
1707217518680120 ,Negative
1449670930224710 ,Positive
1036555842968700 ,Positive
1458030057649540 ,Negative
1643483192176570 ,Negative
1022257256400900 ,Positive
1179564779103800 ,Negative
121552520932901 ,Positive
1642076079144080 ,Negative
1047571272492180 ,Positive
1050909821437920 ,Positive
1133039349924240 ,Negative
1019222911131400 ,Negative
1468392886203670 ,Negative
1454643107400460 ,Positive
1216354117112940 ,Negative
1482168117778790 ,Negative
1370604206107350 ,Negative
1766212181849630 ,Positive
1441322821154500 ,Negative
1356536638075500 ,Negative
1378185852055860 ,Negative
1196394698455640 ,Positive
1651517325941870 ,Positive
1164793005500790 ,Negative
1061275632259130 ,Positive
1328540599548720 ,Negative
1141365448858120 ,Positive
1774305981260260 ,Positive
1128491548314920 ,Negative
1111719107702450 ,Positive
1204907243154900 ,Negative
1041812205652720 ,Positive
1080225408948080 ,Negative
1369723131544670 ,Negative
1083412831115250 ,Negative
1434378182117560 ,Negative
1697382655029070 ,Negative
1377077542189760 ,Negative
1529841804248050 ,Negative
1149584355883040 ,Negative
1048507976116950 ,Negative
1765537981957800 ,Positive
1731350986112170 ,Positive
1688792065781860 ,Negative
148697108792587 ,Negative
1593149639260750 ,Positive
1109149035791310 ,Positive
1356862708560910 ,Positive
1141167053663290 ,Positive
1628684190003070 ,Positive
1192402854920080 ,Positive
1125271892548090 ,Negative
1486288402153620 ,Positive
111121535971814 ,Negative
1515178077706300 ,Negative
1177029524721130 ,Positive
176294251535399 ,Positive
111469468546116 ,Negative
1030333524161230 ,Positive
1445869079757910 ,Negative
1714748979024440 ,Positive
164611319584875 ,Negative
1079842698516910 ,Positive
1466845175356850 ,Positive
1325971709498650 ,Positive
1007798281840700 ,Positive
1424896844568450 ,Positive
1236917976930000 ,Positive
1187079538271690 ,Positive
1611993585401610 ,Negative
1455630933523180 ,Negative
1174546875894480 ,Negative
1697720517446790 ,Positive
1690253777646960 ,Positive
1201380323190890 ,Negative
1643271868633420 ,Negative
1596207861165520 ,Negative
1142539925825780 ,Negative
11352222790134 ,Positive
1788574989292660 ,Negative
1051327397665670 ,Positive
1699921217449150 ,Positive
1476300092321150 ,Negative
1322936684893460 ,Negative
1728389039925640 ,Negative
1125590098972720 ,Positive
1113778385816850 ,Negative
1453455243317380 ,Negative
1080133622136210 ,Negative
1633338024861020 ,Positive
1375208164268840 ,Positive
1088780561069350 ,Negative
1397245914762150 ,Positive
1206294138624660 ,Positive
1540160865379140 ,Negative
1097420335889470 ,Negative
1775185163963100 ,Negative
1601241036366330 ,Positive
1008107111227370 ,Positive
1748675752783330 ,Negative
1613173487378040 ,Positive
1590253894879420 ,Positive
1777160138679910 ,Positive
1556689332393500 ,Positive
1354055318046900 ,Positive
1592397158224560 ,Positive
1244678015370510 ,Negative
1014609854583240 ,Negative
1491055774071050 ,Negative
1790451911670950 ,Positive
1690847346848470 ,Negative
1569282923469080 ,Negative
1550891708017120 ,Positive
1044077006021770 ,Positive
1604367294792440 ,Negative
175945414534995 ,Positive
1496776804052670 ,Positive
1165037781149260 ,Positive
1659889807873840 ,Positive
1346847556200030 ,Positive
1328861215359670 ,Positive
137898317312532 ,Negative
1741822668520320 ,Negative
1561005443990150 ,Negative
1460761605584940 ,Negative
1745996945954230 ,Negative
1366518710926610 ,Negative
1435279941134250 ,Negative
1225928528030750 ,Positive
1140585696256650 ,Negative
1382988055952440 ,Positive
1198989113934440 ,Positive
1394723890441650 ,Negative
15893914347163 ,Positive
1184656687754200 ,Positive
1466008540298110 ,Negative
1487510215022430 ,Positive
1213057248534060 ,Negative
1106815040871570 ,Negative
1222420822257340 ,Positive
1102897379154180 ,Positive
1384257770384730 ,Positive
1455509214041720 ,Negative
1648699548719190 ,Positive
1328046233588990 ,Positive
1072988309413740 ,Positive
1122755239349610 ,Negative
1668302462922980 ,Positive
1342396381398600 ,Positive
1173773513328020 ,Negative
1122853685202820 ,Positive
102014516397056 ,Negative
1105273610968310 ,Positive
1610214484063610 ,Positive
1724548044622030 ,Positive
162741814604114 ,Positive
112361169966770 ,Negative
135093160121684 ,Positive
1510708374030460 ,Negative
1176130966850850 ,Negative
1629172312536120 ,Positive
1190994758484540 ,Negative
1318800665089390 ,Negative
1485950371704370 ,Negative
1377631730213180 ,Negative
1211898009573250 ,Negative
1043300070394570 ,Negative
1339135931899470 ,Positive
174700239381128 ,Positive
1188473675190960 ,Positive
1083966053155370 ,Positive
1489326735557710 ,Positive
1563492212517920 ,Positive
1438617152023280 ,Positive
1170018549135260 ,Positive
1783121266389800 ,Positive
1723016355060360 ,Negative
1151635886276100 ,Negative
1046538661739810 ,Positive
1040636658278870 ,Negative
1032828001554600 ,Positive
1705528004719560 ,Negative
1526986045295400 ,Positive
1332895486186710 ,Negative
1780172629154370 ,Positive
1737575356194270 ,Positive
1356161633369500 ,Negative
1076242585963790 ,Positive
1760020518682700 ,Negative
1755695627275520 ,Positive
1689302410347250 ,Negative
1434819476582510 ,Negative
1001813990290800 ,Negative
1551180738187370 ,Positive
165680442140775 ,Negative
1446462867421890 ,Negative
1715958845807110 ,Negative
1230409132417230 ,Positive
1663526979766430 ,Positive
1150300001265590 ,Negative
146818078356403 ,Positive
151451928406411 ,Negative
106523340099686 ,Positive
1382758577677850 ,Negative
1243188383105430 ,Negative
139343021771779 ,Negative
1708161575399990 ,Positive
1383135664006430 ,Negative
1517749996758420 ,Positive
1490140920926940 ,Positive
1209491828438530 ,Negative
1115631015018410 ,Negative
1036317230021480 ,Negative
1051399675464370 ,Negative
1684833397420250 ,Positive
1210356905918230 ,Positive
1361651745833810 ,Positive
1777502211555440 ,Negative
116700986607956 ,Positive
1657905252346380 ,Positive
1190443318809780 ,Positive
1595822086673460 ,Positive
1482780653567030 ,Negative
1485833065049720 ,Negative
1539442440694500 ,Negative
1624005791308410 ,Negative
117210503628552 ,Positive
1107479415069400 ,Negative
1722351637378920 ,Negative
1095624797058440 ,Positive
1186779449184910 ,Positive
1474433994380560 ,Positive
1402440596882140 ,Positive
1336262387289240 ,Negative
1588529457000510 ,Positive
1610934729551400 ,Positive
164659200234079 ,Positive
1638194837898700 ,Negative
1410171938411510 ,Positive
1027399837212400 ,Positive
1698675319758380 ,Positive
1593904003628630 ,Positive
1558245404137600 ,Negative
1643823902133030 ,Negative
1574108165071160 ,Negative
1460767133602600 ,Positive
1236777189909800 ,Positive
1024583030573300 ,Negative
101274825930907 ,Negative
1709103357539540 ,Negative
1074345161480720 ,Negative
1013188281911810 ,Positive
1472047618302970 ,Positive
1516652894245100 ,Negative
1185560401655260 ,Negative
1720258311664870 ,Positive
1128718127671310 ,Positive
1022610230832430 ,Positive
1058892371111680 ,Positive
1586515749293070 ,Positive
145460301981431 ,Positive
1026907431258280 ,Negative
1189914291306190 ,Positive
1494291407801860 ,Negative
1076537412516680 ,Positive
1143583453537230 ,Negative
1764208161319280 ,Positive
1741198982393820 ,Negative
177673918841770 ,Positive
1126309718354790 ,Negative
1624814292291020 ,Negative
1227676317208220 ,Positive
1487458816437350 ,Positive
1375902415361920 ,Positive
1122194897149380 ,Negative
1548909776719790 ,Positive
1506491730632560 ,Negative
1593096680732470 ,Negative
1428851702814520 ,Negative
11777395059692 ,Positive
1776374093347590 ,Positive
1600146428025240 ,Negative
107704135911555 ,Positive
1771746097313070 ,Negative
1146102279586260 ,Negative
1399756459154050 ,Positive
163045862686285 ,Positive
1102602907297110 ,Negative
1675423864188350 ,Positive
1394093676307390 ,Negative
1643412170491920 ,Positive
131535962563824 ,Positive
1588911548169100 ,Positive
1392152472299500 ,Positive
1764234536784500 ,Negative
1499770175923740 ,Positive
1367524479205350 ,Negative
1446853165731760 ,Negative
1580377219389470 ,Positive
1079748838588060 ,Positive
1042026327466400 ,Positive
1536721532045050 ,Positive
1763023144355940 ,Negative
1142454050379950 ,Negative
1486735017113710 ,Positive
1688378641921790 ,Negative
1617816640089640 ,Negative
1683795459580190 ,Negative
1073700646652460 ,Negative
1185366725996300 ,Negative
1475966893662080 ,Negative
1349542193742260 ,Negative
1017649978290110 ,Positive
1144203041143010 ,Positive
1597914493236480 ,Positive
1480897806941480 ,Positive
1621869540755500 ,Positive
1388131506286550 ,Positive
1441047407313390 ,Negative
1196247105354690 ,Positive
1248417063333740 ,Positive
1325603264474550 ,Negative
103498708397755 ,Negative
1159946638452560 ,Negative
1695624337068700 ,Negative
1038995458033120 ,Positive
1785105261494030 ,Positive
13883109098474 ,Positive
1239162217401780 ,Positive
1618690839976280 ,Positive
1248886514637880 ,Positive
1071734721089400 ,Negative
1492401544101340 ,Negative
1633613600510740 ,Negative
1535453761287610 ,Positive
1200947841516800 ,Negative
1219154313580570 ,Negative
1470910159276150 ,Negative
1178396927770100 ,Negative
1664092677887260 ,Negative
1002293629509380 ,Negative
1358899832636980 ,Positive
1361730477517930 ,Positive
1065461651121300 ,Negative
1722606160027530 ,Negative
1528494629535580 ,Positive
1612664010830210 ,Negative
1146761491695220 ,Positive
1033896186005820 ,Negative
162409703309078 ,Negative
1507927909147030 ,Negative
1701998778138220 ,Negative
1205671367837420 ,Negative
1332414746042980 ,Positive
1144065894404410 ,Negative
1173063532419700 ,Negative
1039630573317740 ,Negative
1784496877780320 ,Negative
1538730528092220 ,Negative
1091569409555880 ,Negative
1555367504371870 ,Positive
1700780463815730 ,Positive
1719795050505710 ,Negative
1084957310725230 ,Positive
1085546279658210 ,Positive
1764514643458830 ,Positive
1739769737040650 ,Negative
110042811235093 ,Positive
1512797630444250 ,Negative
1064902229280960 ,Positive
1139156986402150 ,Positive
1347247544141590 ,Negative
1125860153633420 ,Negative
1101776880662480 ,Positive
14350183369455 ,Negative
1450072564631150 ,Negative
1765177856654220 ,Negative
1725876120490280 ,Positive
1539913322741860 ,Negative
1367473839637960 ,Negative
1427929006142690 ,Negative
1519510562980030 ,Positive
1065465122985900 ,Positive
1583572551800500 ,Negative
1611536918301220 ,Negative
1383905446247190 ,Negative
1046328362509580 ,Positive
1029388840526030 ,Negative
1441877989785180 ,Negative
1165923105991730 ,Negative
1578016065512700 ,Positive
1561961201941230 ,Positive
1062196994315800 ,Negative
1006901559474100 ,Positive
1610391430848340 ,Positive
1095011468510840 ,Positive
1002737927571480 ,Negative
1452542796552150 ,Positive
117620197001349 ,Positive
1041372440030160 ,Positive
1763302543594240 ,Positive
1000777041608510 ,Negative
1192657648093290 ,Positive
1160629954487580 ,Negative
1101676672110670 ,Negative
1382742141259940 ,Positive
1678278307365950 ,Positive
1414829315365360 ,Positive
1544327313618040 ,Negative
150156565822012 ,Negative
1580384583663790 ,Negative
1052527262173830 ,Negative
1425269810849890 ,Negative
1678833276271030 ,Positive
1112741441767670 ,Negative
1317610631985340 ,Negative
1672557642851970 ,Positive
1036545699095160 ,Negative
1468321905765240 ,Negative
1219494717195150 ,Positive
1504246246730370 ,Negative
1501121935605910 ,Positive
176288845839098 ,Negative
1512069982999120 ,Positive
1571856916659570 ,Negative
1557855306474450 ,Negative
1328578700359810 ,Negative
1418289575849440 ,Positive
1731611194678130 ,Negative
1181883041912400 ,Positive
1204001690478450 ,Negative
1486030737827870 ,Positive
1238264238186540 ,Negative
162592540896696 ,Positive
1211468641752620 ,Negative
1617148198668660 ,Positive
101520420806697 ,Positive
1091313343487570 ,Positive
1476974659465040 ,Negative
1073104980938720 ,Negative
1569421642557070 ,Negative
1446690020976060 ,Positive
1683189303936250 ,Positive
1141045021891030 ,Negative
1172553226294320 ,Positive
1137125154180700 ,Negative
1443266328798660 ,Positive
1568044254970450 ,Negative
1677573044351930 ,Negative
1377008151245190 ,Negative
1722620146324750 ,Positive
1360632335964280 ,Negative
1486847187737010 ,Negative
1487773286101560 ,Negative
1407356130503770 ,Negative
154427701451788 ,Positive
1144773711283960 ,Positive
1081879290237740 ,Positive
1123761750795970 ,Negative
1330743981194020 ,Positive
1436003702727270 ,Negative
1205931423088470 ,Positive
162276065777459 ,Positive
1684161353245520 ,Negative
133158097436854 ,Positive
1634661136213030 ,Negative
1172888349014900 ,Negative
1370893453624130 ,Negative
100010347143101 ,Negative
1179633096556140 ,Negative
1031927136746110 ,Positive
1547401458033260 ,Positive
1598719000282960 ,Negative
1762707801378560 ,Positive
1347186316153590 ,Negative
1543345313313640 ,Negative
1518035178860590 ,Negative
1650582669749960 ,Negative
1629063784590680 ,Positive
1547392115169140 ,Negative
1185608851749050 ,Positive
1177807526034000 ,Negative
1011284834865130 ,Negative
1572047121341390 ,Positive
1713938563480310 ,Positive
1612931158633080 ,Negative
1422830201285000 ,Positive
1066715442843830 ,Positive
101029680875421 ,Positive
1197192553438320 ,Positive
1075760134393900 ,Positive
1007307227790930 ,Negative
1090678317624930 ,Negative
1359607847189890 ,Negative
115745480920852 ,Negative
1522604883747820 ,Negative
1313771909015070 ,Positive
1201420256189000 ,Negative
1245731039736010 ,Negative
1685981500607150 ,Positive
1790224729465890 ,Negative
103158517981868 ,Negative
1339869312102510 ,Negative
1734275431186910 ,Positive
1109658199339620 ,Positive
1471546856529120 ,Negative
1047548499940280 ,Positive
1120091743724130 ,Negative
1225807406358210 ,Negative
1555941408846670 ,Positive
1248040909099730 ,Positive
119295846043811 ,Negative
1661147330207590 ,Positive
1044891993241230 ,Positive
1052766641287630 ,Positive
1670152707395020 ,Negative
1573931459449610 ,Negative
1557145888339680 ,Positive
1466124948925190 ,Positive
1045743690159280 ,Positive
1684556358763770 ,Positive
1620537109220800 ,Positive
1561841198525400 ,Negative
1051752670831590 ,Positive
1580108183103370 ,Negative
1401236002066140 ,Negative
1225140607426530 ,Negative
103542730492901 ,Positive
1426289882174760 ,Negative
1431509253805640 ,Negative
1403782023276720 ,Positive
1038664936606640 ,Negative
1743842830661870 ,Positive
1700119364002530 ,Negative
1620499894117530 ,Negative
1608924595403350 ,Negative
1727537627569820 ,Negative
1510701015412250 ,Negative
165351726580027 ,Negative
1769058849996580 ,Negative
1761486045659980 ,Negative
1224147319866190 ,Negative
1489750326699890 ,Positive
1720164632309760 ,Negative
133474681711475 ,Positive
1104773466703670 ,Positive
1755852212288670 ,Negative
1467294693793200 ,Positive
1710635233444220 ,Negative
1666114611493620 ,Positive
1192601545970470 ,Positive
1335333889327100 ,Positive
1762356869806960 ,Negative
1209190562955740 ,Positive
1684260167927360 ,Positive
1352000940338930 ,Positive
1585947502385270 ,Positive
1619907098696320 ,Negative
1061935240532670 ,Negative
1328476715581630 ,Positive
114210006299714 ,Negative
1786234237370040 ,Positive
1426753356525710 ,Negative
1003811750112420 ,Positive
1170167374491310 ,Positive
1355202934885390 ,Negative
1584499693512240 ,Positive
1585962563900780 ,Negative
1015168216349650 ,Negative
1613252043700880 ,Positive
1590761429574280 ,Negative
1440498676337360 ,Negative
1092391454588660 ,Negative
1067954568346230 ,Negative
1770645755340650 ,Negative
1027950992078430 ,Positive
1768103434783910 ,Positive
1702455304091610 ,Negative
1380254247919390 ,Negative
1199285587428340 ,Negative
1156317183594740 ,Negative
10730978076665 ,Positive
1020998957810030 ,Positive
1410129983209010 ,Positive
1672375780882150 ,Positive
1208588914175340 ,Negative
1701294536707360 ,Negative
1023655718591110 ,Positive
1020195560902430 ,Positive
1762418526336130 ,Positive
1220760735028270 ,Positive
151429737745088 ,Positive
1178385073546040 ,Positive
175577117037026 ,Positive
1158513770645460 ,Negative
1558253657731200 ,Negative
1526251148188290 ,Positive
1722990900321680 ,Negative
1634958266635600 ,Positive
1605569202431730 ,Negative
1361967501475940 ,Negative
1333975283023090 ,Positive
1618048727107940 ,Positive
1618491494658380 ,Positive
1520955765834070 ,Positive
1778378149730260 ,Negative
112396269164484 ,Negative
1442343834396430 ,Positive
1246278285049530 ,Positive
1645296664455200 ,Negative
1736771464638380 ,Positive
1019959579471540 ,Positive
1166599498420440 ,Positive
167690219786675 ,Positive
1593443224693790 ,Negative
1377833832827950 ,Positive
1578948949632180 ,Positive
1625986693060450 ,Negative
1381730881813240 ,Positive
1135876048641340 ,Negative
1131843210792190 ,Negative
1538670469594210 ,Positive
1118174355381900 ,Positive
1018208859561550 ,Negative
1659069234957460 ,Positive
1551981522812310 ,Positive
1228164782486440 ,Positive
1032341182468430 ,Negative
112033815348791 ,Positive
1076735520026530 ,Negative
1109028044588830 ,Negative
1607859522565170 ,Negative
1609652942041610 ,Negative
1348907042870950 ,Positive
1391503562966450 ,Negative
1684944131757430 ,Negative
1450377288154210 ,Negative
1735908512835690 ,Positive
1130096520002730 ,Negative
1152795976700050 ,Positive
1417070045092450 ,Negative
1069289846251360 ,Negative
1628047696779910 ,Positive
1378431272128510 ,Positive
1178830541431640 ,Positive
1220071743601990 ,Positive
1659724639752310 ,Negative
1656083214527360 ,Positive
1232331601620250 ,Positive
1209002280456600 ,Negative
1148298816874660 ,Negative
1598191215107160 ,Negative
1659008668637790 ,Positive
1203961335098870 ,Positive
1346405468879880 ,Positive
142642322499780 ,Negative
1368821254641220 ,Negative
1016464831033540 ,Negative
1580123305102160 ,Negative
1128317276706430 ,Positive
1096920323329510 ,Positive
1160104228494400 ,Negative
118206372063569 ,Positive
1021968617099660 ,Positive
1011428298993600 ,Negative
1222778975589450 ,Negative
1120908590681990 ,Positive
1565965043207230 ,Positive
1335106641543140 ,Positive
1244355764851250 ,Negative
1129522350521070 ,Positive
1582775399535930 ,Negative
1559994148197430 ,Positive
1031768975383420 ,Negative
1415221299013950 ,Negative
1723144502986910 ,Positive
1149823076208920 ,Negative
1473534542285170 ,Positive
1043491441778750 ,Negative
1703340741916430 ,Positive
1789849493135120 ,Positive
1525885089430640 ,Positive
1502625988529550 ,Positive
1096064670931790 ,Negative
1010265168683780 ,Negative
1040230402106640 ,Negative
1023362891451000 ,Positive
1469437744665350 ,Positive
1011419378665850 ,Positive
1642767835938810 ,Negative
1586182579163680 ,Positive
1420246947040490 ,Negative
1150118192851380 ,Negative
1611970172761390 ,Negative
153275931893860 ,Negative
1732892018799490 ,Negative
1430485610043540 ,Negative
1522299391319470 ,Negative
1486664699884470 ,Positive
1729864343692710 ,Positive
1393311652953840 ,Positive
1584148141070650 ,Negative
1360534271202130 ,Negative
1780439985900910 ,Negative
1119015064797890 ,Negative
1525272263170980 ,Negative
1632896193215590 ,Positive
1671889079884280 ,Negative
1092973738236110 ,Negative
1221764731929650 ,Negative
1760155938662500 ,Positive
1395320611083780 ,Positive
1152400714681480 ,Positive
1208665393459550 ,Positive
1723723227421540 ,Negative
1072255612335720 ,Negative
1115946884219300 ,Negative
1180186969743900 ,Negative
1544403618073050 ,Positive
1572422813359080 ,Negative
1578886881616410 ,Negative
1679702094155130 ,Positive
1621466928312050 ,Negative
1514917097681240 ,Positive
1557195906449260 ,Negative
1553460939704280 ,Positive
1108582462423310 ,Negative
1545977395597660 ,Negative
1360925982330140 ,Positive
1519953062963890 ,Positive
1623600220217360 ,Positive
1731672094029030 ,Negative
1053277720303520 ,Negative
1556258669309020 ,Negative
1750889586362240 ,Negative
1346518909808140 ,Negative
1070680772600280 ,Positive
1240196891814980 ,Positive
1036148738569780 ,Positive
1544092349930190 ,Negative
1316685264371130 ,Positive
1573360094395160 ,Negative
1642097556218840 ,Positive
1311287435616860 ,Positive
1119408842961260 ,Positive
1424369685125900 ,Negative
1336937060405280 ,Positive
1568371456075480 ,Negative
1457977253307480 ,Positive
1549923714155630 ,Positive
1319689662886400 ,Positive
166649625839805 ,Positive
1688699872256330 ,Negative
1395596432861570 ,Negative
1330278141975700 ,Positive
1781315974690040 ,Negative
1413169370303370 ,Positive
1674275708310300 ,Negative
1552199653333990 ,Positive
1191186826865780 ,Negative
1327646010722010 ,Positive
1243688037101720 ,Negative
1540715329099970 ,Negative
1089488003119060 ,Positive
1780898663565810 ,Positive
1730359219405630 ,Positive
1622593812937970 ,Negative
1347626342060030 ,Negative
1589797228470670 ,Positive
1692521556068970 ,Negative
1396297242142760 ,Negative
1381370287659350 ,Positive
1450055106369470 ,Positive
1385555932534170 ,Negative
1242890275596490 ,Negative
1413262275103800 ,Negative
1411167379952520 ,Negative
1399707811974800 ,Positive
1036689164188280 ,Positive
1035133436220960 ,Negative
1400985581845740 ,Negative
1541777040496800 ,Negative
1144816357000140 ,Negative
1698184277132860 ,Positive
1076612494712220 ,Negative
1705592320541880 ,Negative
1654748300977150 ,Negative
1005142076728330 ,Negative
1687016963757080 ,Negative
1581536879741370 ,Positive
1768036110474850 ,Positive
1706629287670060 ,Positive
1769362128153610 ,Positive
1564672821405030 ,Negative
1677328234002640 ,Positive
1576970398448250 ,Negative
100218589112962 ,Negative
1635619073597980 ,Negative
1099519935053830 ,Negative
1560668946318160 ,Negative
1037061527870520 ,Negative
1638778992983320 ,Negative
1437717059304550 ,Negative
1157943698949860 ,Negative
1422011233124340 ,Negative
1123144878633560 ,Negative
1227171978752890 ,Negative
1665039724662740 ,Negative
1089358548358660 ,Positive
1132260075619600 ,Negative
1187145864302010 ,Negative
1133477416645970 ,Positive
1689897445966730 ,Positive
1213048441317860 ,Negative
1129617508549860 ,Positive
1018267848438930 ,Positive
159173110999157 ,Positive
109481984180883 ,Positive
1229073017154080 ,Positive
1025494931425760 ,Positive
144712077952133 ,Negative
171274371908353 ,Negative
1232422154798690 ,Negative
1035928048692780 ,Negative
1064608314515320 ,Positive
1783328539656420 ,Positive
1046182726363250 ,Negative
1220938879268540 ,Negative
1141824410422500 ,Negative
1120949283429220 ,Positive
1520868158934860 ,Positive
1467031622462380 ,Negative
1729956546724150 ,Negative
1586537204932580 ,Positive
138045276859459 ,Negative
1716219570459500 ,Positive
1069416710291720 ,Negative
1215224902699350 ,Positive
1143793842099770 ,Negative
118979506020383 ,Positive
1484121571830740 ,Negative
1746571742242300 ,Positive
1318881915284130 ,Negative
1630957984931760 ,Positive
1173948424438430 ,Negative
1562595340535720 ,Positive
1322653126613330 ,Positive
1501254174007410 ,Positive
1625235181766100 ,Negative
1217019008034960 ,Negative
1661040997700130 ,Negative
103158479541262 ,Positive
1737425583760880 ,Positive
1634893698072280 ,Positive
143224559908569 ,Positive
1594602230905180 ,Negative
1467074216174070 ,Negative
1333142030653640 ,Positive
1190906787135550 ,Positive
1318865889870050 ,Negative
1612759511959670 ,Positive
1114455547657320 ,Negative
1247109127022280 ,Negative
121478180482417 ,Positive
1656219092725820 ,Negative
1185081347532820 ,Negative
1698343962699360 ,Negative
1466357827352770 ,Negative
1459558458736060 ,Positive
1614631867306940 ,Negative
1655617865364470 ,Negative
1608581629831790 ,Negative
1422081639501200 ,Positive
1025179365642120 ,Negative
1511129642410700 ,Negative
1537904892550230 ,Negative
1689194061660250 ,Negative
1457602421877680 ,Positive
1323597872860080 ,Positive
1733001758928600 ,Negative
1244951220573420 ,Negative
1458800129163330 ,Negative
151941163849315 ,Positive
1365142834184740 ,Negative
1395008531380000 ,Positive
1595019637608070 ,Positive
1055482834727180 ,Positive
1770552610052120 ,Negative
1135630141615710 ,Negative
1191050340937280 ,Positive
1195847845140380 ,Positive
1039218637877570 ,Negative
1428771763246150 ,Positive
1623785923566380 ,Positive
1344635029203660 ,Negative
1164042626223980 ,Negative
135486092546829 ,Negative
1575891060159160 ,Negative
1427221686428160 ,Positive
1677600074964090 ,Negative
1143992822494840 ,Negative
1552397190015810 ,Positive
1327344694175630 ,Positive
1745035903646590 ,Positive
1416153987587150 ,Positive
1542085194499280 ,Positive
1047077961636640 ,Negative
1590771348603600 ,Positive
1457309510554750 ,Negative
1180616443875440 ,Negative
1417373774657990 ,Positive
1722749764406430 ,Negative
1547290471782080 ,Negative
1760786517502780 ,Positive
1744265167888630 ,Positive
1149022790762270 ,Positive
1194607308507170 ,Positive
1601179715854280 ,Negative
1386306730945090 ,Negative
1571057536746390 ,Positive
1324174917458330 ,Negative
1140669403319030 ,Negative
1754552101336030 ,Positive
1495717432564420 ,Positive
1628762321475050 ,Negative
159442109608971 ,Positive
1312104640855020 ,Positive
1669575983048740 ,Positive
172344460243263 ,Negative
1113718609724920 ,Positive
1187822038154550 ,Negative
1581639992114780 ,Positive
1026664970532300 ,Negative
134079700290218 ,Positive
1037350809924700 ,Positive
1318947456844400 ,Positive
1365042597827090 ,Positive
1330246801266780 ,Negative
1404208141320700 ,Positive
1654129335559350 ,Negative
1758383396799030 ,Negative
1220760538135820 ,Negative
1488469301482870 ,Positive
1775587201249830 ,Negative
1597745901437810 ,Positive
1020124024937550 ,Positive
1414252106519660 ,Negative
157902428947516 ,Positive
1354196399623290 ,Negative
1439805885394270 ,Positive
158811290831357 ,Positive
1611659143045310 ,Positive
1561779037291530 ,Negative
1430416018985750 ,Positive
1047197278588370 ,Positive
1404234944364340 ,Positive
1403757483415250 ,Positive
1549473009214200 ,Negative
1686948185169940 ,Negative
1060260782650300 ,Positive
1762956118832880 ,Positive
1081221807098830 ,Positive
1319514253190250 ,Positive
1356479955550180 ,Negative
1488428826614470 ,Negative
1496020576570080 ,Negative
1673508416284490 ,Positive
1120643546457870 ,Negative
1099911534433380 ,Positive
1054649073160780 ,Negative
1338471504013510 ,Negative
1339596997494410 ,Negative
1234047299568700 ,Positive
1699578519069640 ,Negative
1045909960548300 ,Positive
110597166690429 ,Positive
1203609759832930 ,Negative
1526819495892110 ,Negative
1027128200043420 ,Negative
1485732696046770 ,Negative
1778796472576200 ,Positive
114951342736856 ,Positive
1553376692826830 ,Negative
1130279587444870 ,Positive
1777388546976280 ,Negative
146485996549739 ,Positive
1244148308826370 ,Positive
1065913239641700 ,Positive
1414031156911780 ,Negative
1654760324254700 ,Negative
1162634319962510 ,Negative
1316287725715210 ,Positive
1774932591791270 ,Positive
1214414038388890 ,Positive
1200405008839900 ,Negative
1725273806937480 ,Negative
1204766046685320 ,Negative
1236737351873970 ,Negative
1481582197077400 ,Positive
1553094700019970 ,Negative
1619910820874080 ,Negative
1314589055208090 ,Positive
1605539858591580 ,Positive
1587696858800980 ,Positive
167876317406036 ,Negative
1477426703580160 ,Positive
1003443492244000 ,Negative
1448892646342050 ,Positive
1063379563463440 ,Positive
1108804473185650 ,Negative
1023466084561650 ,Positive
1633818083091080 ,Positive
1464113741277100 ,Negative
1019281602491430 ,Positive
155675349435429 ,Positive
1373510914041270 ,Negative
1003911505089210 ,Positive
1192902109236700 ,Negative
1176293876173160 ,Negative
173390620423159 ,Negative
1333001108684800 ,Negative
1368052866426750 ,Positive
1249053190803290 ,Positive
1122211383346570 ,Positive
1507200221267630 ,Negative
1474035584157650 ,Negative
1452964295425220 ,Negative
1665742996705710 ,Negative
1059277125647280 ,Positive
1627462452603140 ,Negative
1714036733072890 ,Negative
1191938773132740 ,Positive
1319723120210690 ,Positive
1666772844709010 ,Positive
1044941830435950 ,Positive
1237465375198580 ,Negative
152290711159839 ,Negative
1090855584095130 ,Negative
1604503349881130 ,Positive
1443486824898460 ,Positive
1202259119179140 ,Positive
1553432048827050 ,Positive
1085902851711490 ,Negative
168852334952683 ,Negative
1391001265015980 ,Negative
1532213743746640 ,Positive
1545910537072900 ,Negative
1548717535926230 ,Negative
1596298270545260 ,Positive
1751320366898980 ,Positive
1674669328200130 ,Negative
1536018151915340 ,Negative
106690868540626 ,Negative
1743244524262160 ,Positive
1755183529032100 ,Negative
1520707573161870 ,Negative
1610535279234120 ,Negative
1755664136562260 ,Positive
1538508088721030 ,Negative
102761317000232 ,Positive
1512149513913790 ,Positive
1553214222554880 ,Positive
1095839023256630 ,Positive
170791836728838 ,Negative
1049231865011720 ,Positive
145698503205783 ,Positive
1776959553094440 ,Negative
1611384964538070 ,Positive
1655557046300230 ,Positive
1035813174619660 ,Negative
1195356978252520 ,Negative
1442907939119220 ,Negative
1705418553762160 ,Negative
1744208040724920 ,Positive
1070474861855110 ,Positive
1413415707243110 ,Negative
1022039397195560 ,Negative
1175258805239550 ,Positive
1570311626352060 ,Negative
1165335284651610 ,Positive
1144573414245460 ,Positive
1608986187795990 ,Negative
1245774676826880 ,Negative
1427006129342950 ,Positive
1170705446812950 ,Positive
1030837378517050 ,Positive
1685418639484890 ,Positive
1642092775994000 ,Positive
1709232355064660 ,Positive
1349883290696130 ,Negative
177685353181379 ,Positive
1498193512133110 ,Negative
1596608751586590 ,Positive
1204730197632400 ,Positive
1382942456834960 ,Positive
1124799698221960 ,Positive
1092763628094260 ,Negative
1225721603835630 ,Negative
1051846767929740 ,Negative
1527162906015790 ,Positive
1546241374816010 ,Negative
1526778396675210 ,Positive
1151097332501510 ,Positive
1319231499007000 ,Positive
1424790611320080 ,Positive
1475844499651800 ,Negative
164778081774611 ,Negative
1445594308453130 ,Positive
143962155058607 ,Positive
1123954839961230 ,Negative
1324901691718460 ,Negative
1099733910397730 ,Negative
1715668098603870 ,Positive
1035264215402490 ,Positive
1701499709554580 ,Negative
1671741934617050 ,Negative
1420388239814820 ,Positive
1422913875184130 ,Positive
1679199036347590 ,Negative
1374863788518990 ,Positive
1363869515651030 ,Positive
1623016354689470 ,Negative
176871739152657 ,Negative
1126612598448510 ,Negative
1173144155710210 ,Negative
1631752464574700 ,Negative
1710951214512700 ,Positive
1591787059352000 ,Positive
1515115909793920 ,Negative
1196809643333650 ,Negative
1094441451251430 ,Positive
1443683140428070 ,Positive
171594520999429 ,Positive
1649648360750170 ,Negative
1176547958943060 ,Positive
111981498965187 ,Negative
1720762165863270 ,Positive
16759621761228 ,Negative
1631971961440340 ,Negative
1334806489471090 ,Positive
1155220252213020 ,Positive
1726063347278150 ,Positive
132878023115479 ,Positive
1166940355944740 ,Negative
1200743988295240 ,Positive
1612391708254310 ,Positive
1442229266968600 ,Negative
1777183048430320 ,Positive
1565534221397160 ,Negative
1699898930766480 ,Negative
178978918164330 ,Positive
1613249313244340 ,Negative
1761855822308090 ,Negative
1712612961706950 ,Negative
1136349802274480 ,Negative
1113768550054720 ,Negative
1594243949743940 ,Positive
1240241561008060 ,Negative
1330553804823620 ,Positive
1318213605682210 ,Positive
1533189134459360 ,Negative
1391146200421550 ,Positive
146267005595767 ,Negative
1725320298195760 ,Positive
1180952803286330 ,Positive
1545658982792320 ,Positive
1546150408565920 ,Positive
1588490460912200 ,Positive
1238453724272550 ,Positive
1020533210384530 ,Negative
1668515035508960 ,Positive
1341820102887260 ,Negative
1202314983447570 ,Positive
1195866843902800 ,Negative
1215949638247660 ,Negative
1504884533837550 ,Negative
1749816607091120 ,Negative
1114793671956970 ,Negative
1428388472446370 ,Negative
1052557565630790 ,Negative
1472538194353710 ,Negative
1404198778963920 ,Positive
1174826699649890 ,Positive
13815227205850 ,Negative
1073369413480890 ,Negative
1134955028528810 ,Negative
1741240420053940 ,Negative
1236965796619590 ,Positive
1487598816080450 ,Negative
1446272555504710 ,Positive
1586234384838240 ,Negative
1070477812714350 ,Negative
1672398729791540 ,Negative
1231242783268180 ,Positive
1503108375891170 ,Negative
1753886348489340 ,Negative
1102663776608330 ,Positive
1007354566939270 ,Negative
1487425266969040 ,Positive
1230048459807860 ,Positive
1773723290502720 ,Positive
1543773533490270 ,Positive
1011688648681380 ,Negative
116855265678925 ,Negative
1244681304352230 ,Positive
1093890739218350 ,Positive
1369132277330450 ,Negative
1653743053187090 ,Negative
1712863587238630 ,Negative
1108957647634560 ,Positive
1556580444527960 ,Positive
1549172037109830 ,Positive
104480076006649 ,Positive
1662323923604000 ,Negative
1453205427415560 ,Negative
1615159410614720 ,Positive
1775430722267170 ,Positive
1688495789451330 ,Positive
1747758888077350 ,Negative
1604087702896590 ,Negative
102831403162638 ,Positive
1106451972351630 ,Negative
133608961986917 ,Positive
1416642052718280 ,Positive
1716510736204960 ,Positive
1005196592117910 ,Positive
146308654336961 ,Negative
1160778061878400 ,Negative
1337756102923810 ,Negative
138987242622874 ,Negative
134101135526598 ,Positive
1622014093525340 ,Positive
1332771734619280 ,Positive
1013501744715980 ,Negative
1752059511970640 ,Positive
158093144968012 ,Negative
1622398607465610 ,Positive
1531699241753510 ,Negative
1098917200296870 ,Positive
1560079010177610 ,Positive
1080275362997800 ,Positive
1479602309984250 ,Positive
1056298833807870 ,Positive
1785993020108410 ,Negative
1154748816096750 ,Negative
1568881846565710 ,Negative
1222021053841820 ,Negative
1083449323508570 ,Positive
140626249797131 ,Negative
1101372873264890 ,Negative
1644087366842070 ,Positive
1343847423592230 ,Negative
1372550670374500 ,Negative
159238472257772 ,Positive
1589149128650840 ,Positive
1623498635003750 ,Negative
157550822085717 ,Positive
1064634118482020 ,Positive
1380107491083730 ,Negative
1136569616530610 ,Positive
1399674877752440 ,Positive
122589186720136 ,Positive
1466270067831120 ,Negative
1097186296601300 ,Positive
1610761596687610 ,Negative
1646113342365500 ,Negative
1722117000737790 ,Positive
1751247700047570 ,Positive
124750845340076 ,Positive
1225858321466790 ,Positive
1349733301031630 ,Negative
1041238485119810 ,Negative
1643093965813700 ,Negative
1522696800186010 ,Positive
1456950774632350 ,Positive
1382341926480920 ,Negative
1127855001795730 ,Positive
1732797784927320 ,Negative
1487711253371530 ,Negative
1624553074783020 ,Positive
1160821139151950 ,Negative
1077671563571550 ,Positive
1523904620767750 ,Negative
153297759975710 ,Negative
1763516111733950 ,Positive
1248353632924270 ,Positive
1714367208982660 ,Positive
1316451399432810 ,Negative
1438476264461600 ,Positive
1531250953564410 ,Negative
1315742944217280 ,Negative
1059568926407900 ,Positive
1038428321939900 ,Negative
1186068130941730 ,Negative
1006034448838010 ,Positive
1761152281433190 ,Negative
1566949987059740 ,Positive
1144786135752810 ,Positive
1727839691910690 ,Positive
1134137802997180 ,Negative
1353331532191030 ,Positive
176835130951026 ,Positive
1656430575458200 ,Negative
1100086164167740 ,Negative
1315388153023430 ,Positive
1655522625448150 ,Negative
1455385367320920 ,Positive
1076479021000910 ,Negative
1624865119736270 ,Positive
1588282324866580 ,Positive
1356353391979720 ,Positive
1160659442616240 ,Negative
1101313185271200 ,Negative
1223799276196530 ,Positive
1447398992159330 ,Negative
1421474726491290 ,Negative
1023592435857210 ,Positive
1143137277026100 ,Positive
1716031228689060 ,Positive
1738702405867950 ,Negative
1000016480768550 ,Positive
1689767177249580 ,Negative
1088730498845870 ,Negative
151896537136234 ,Positive
1143661960877910 ,Positive
1017713224157120 ,Negative
1564782799961970 ,Positive
1517851618278940 ,Positive
1718604518076730 ,Negative
1478924222556290 ,Negative
1472036523503160 ,Negative
1715334182548430 ,Positive
1209839860165050 ,Positive
1579995218183740 ,Negative
1041975818842340 ,Negative
1405384182396590 ,Negative
1346321067824910 ,Negative
1497148751069390 ,Negative
1109428951615880 ,Negative
1678265800847210 ,Positive
1039065790962360 ,Negative
1137517322846570 ,Negative
1248447915900540 ,Positive
1088163444463050 ,Negative
1033400313856550 ,Positive
1645578311977380 ,Positive
1102208345388160 ,Positive
1557290435161610 ,Positive
1321180162668490 ,Negative
1372179189643600 ,Negative
1568538544916240 ,Negative
1028943467124480 ,Positive
1673714383972880 ,Negative
1430663262158430 ,Positive
1125372857944810 ,Negative
1074488223002640 ,Positive
1391967121131420 ,Positive
1382985150450700 ,Negative
1629703678132210 ,Negative
1735451581422350 ,Negative
1331036679936990 ,Positive
1742402931980960 ,Negative
1197372999656980 ,Negative
1362349798618120 ,Negative
1188036435276340 ,Negative
1528689762287690 ,Negative
1574510719695890 ,Negative
1681605081404610 ,Positive
1576650264397840 ,Negative
1021094860614970 ,Negative
1233137321618520 ,Positive
1603894547601330 ,Positive
161655107726851 ,Negative
1561513844354340 ,Positive
1543233224349880 ,Positive
1041212434944030 ,Positive
1593182511402280 ,Positive
1750308973735320 ,Negative
1193919724292200 ,Negative
1330562983195170 ,Negative
1485873997725200 ,Negative
1055112887645380 ,Positive
1406340949278880 ,Positive
1722037129268550 ,Positive
1683449150629270 ,Positive
1407555195012680 ,Positive
116901290597315 ,Positive
1172736374483200 ,Negative
1367395816034430 ,Negative
1496463876909230 ,Negative
1420888975989520 ,Negative
1207198689649220 ,Positive
1069685134980620 ,Negative
1024263230885970 ,Positive
1757865267968800 ,Negative
1248445157928840 ,Negative
1641054212930220 ,Negative
1690115951744280 ,Negative
1166481862879550 ,Negative
106910708285967 ,Positive
1448784829050210 ,Positive
1370583996057030 ,Positive
1099123582198970 ,Positive
1761469191872360 ,Negative
1324120101173130 ,Negative
1227264250149470 ,Negative
1714255870634490 ,Positive
1706960872298680 ,Positive
1722012608946470 ,Positive
1491521857310230 ,Positive
1736735796601300 ,Positive
1208856814197570 ,Positive
1776649237841160 ,Negative
1626324172112660 ,Positive
1145885431496940 ,Positive
1172494651971480 ,Negative
1725678029440080 ,Negative
1103983355159250 ,Positive
1131788096552180 ,Positive
1484656397883550 ,Positive
1116215400537670 ,Positive
1198177687249150 ,Positive
155390553772080 ,Positive
1215609421252710 ,Positive
1512297125485870 ,Positive
1335081994705240 ,Negative
1682397302210350 ,Positive
1555296041593030 ,Positive
1750493467072450 ,Negative
1130205268257810 ,Negative
1396383686508120 ,Positive
1575173809215300 ,Negative
1234387078844450 ,Negative
1403383732473820 ,Positive
1066534517130610 ,Positive
1548422181752960 ,Positive
173059376744150 ,Positive
1417989800962620 ,Positive
1066202590066780 ,Positive
1136574379775890 ,Positive
1189075065065390 ,Positive
147091064319924 ,Positive
1380001555418400 ,Negative
1214201222043640 ,Positive
159267879425907 ,Negative
1205116369439740 ,Negative
1598005493661200 ,Positive
1421765733518840 ,Positive
1355560086889030 ,Positive
1162704477045150 ,Negative
1194300353033220 ,Positive
1461417622125080 ,Positive
1134911226292250 ,Positive
145367334467624 ,Negative
1077444406412630 ,Negative
1236757425363880 ,Positive
1455281000435230 ,Positive
1415526551088380 ,Negative
1452473228658890 ,Positive
1090810316431040 ,Positive
1010444971639020 ,Positive
1545472375731220 ,Positive
1593914091598640 ,Negative
1689371835552750 ,Positive
1764118820101900 ,Negative
1053856741680720 ,Negative
142965657951205 ,Negative
1032020983595740 ,Negative
1757447582267630 ,Positive
133104868579085 ,Positive
1493114251488020 ,Positive
165862123164901 ,Negative
1239978611738500 ,Positive
1353767297870040 ,Positive
114151434632345 ,Positive
139393165964640 ,Negative
1544318257234850 ,Positive
1123050660472410 ,Negative
1349608729385980 ,Positive
1623624996019020 ,Positive
1675942502985120 ,Negative
1575691466917680 ,Positive
1648614302212790 ,Negative
1023560350375380 ,Positive
1112940710706770 ,Positive
1627283808579620 ,Negative
1118910231327780 ,Positive
1156910777809440 ,Positive
1084271542196480 ,Negative
1150439320659370 ,Negative
1196320461698330 ,Positive
1716611485780510 ,Negative
1141348129721280 ,Negative
168790733095813 ,Positive
118502092048315 ,Negative
1592150658889040 ,Positive
1029716557454810 ,Negative
1317232468443070 ,Negative
1555401610678470 ,Negative
1157005901439640 ,Positive
1559250099355350 ,Positive
1692796036797180 ,Negative
1501855635172470 ,Negative
1396076320730470 ,Negative
1055992063867220 ,Positive
1099476465078400 ,Positive
1201670782848080 ,Negative
144783539787574 ,Negative
1316440083360820 ,Negative
1352204011269520 ,Positive
1450332070123280 ,Negative
1510718566339610 ,Positive
1700855797461300 ,Negative
11380050244209 ,Negative
1073054770258170 ,Positive
1704976399390970 ,Negative
1388044439950560 ,Negative
143330225540134 ,Negative
1671384467150940 ,Negative
1323372852691590 ,Negative
1103172720179460 ,Negative
1560891387834280 ,Positive
10197186744847 ,Positive
1320327613702000 ,Negative
1742078365108380 ,Negative
1133405100758840 ,Negative
1629413985778100 ,Positive
1346799738662410 ,Positive
122158637577855 ,Positive
1432171026888660 ,Positive
1446184546236740 ,Negative
1761702309236800 ,Positive
1329790198527440 ,Positive
1600472576831610 ,Positive
1456770584365890 ,Negative
1024327103317100 ,Negative
1171166275322600 ,Positive
1170135919599820 ,Negative
1060165037331900 ,Negative
1612645192297210 ,Negative
1778864349458110 ,Positive
1717308062448760 ,Negative
1546862109474120 ,Positive
1634565940592820 ,Negative
1367702104303610 ,Positive
1559047061034860 ,Positive
1321446405875290 ,Positive
1373451936182930 ,Negative
1001169259026050 ,Negative
141753909234843 ,Negative
1240904029179340 ,Negative
1116342319491700 ,Positive
1676999066291340 ,Positive
1756869665940800 ,Positive
1722401731521380 ,Positive
1180924531609000 ,Negative
1392309590461930 ,Positive
172744758933518 ,Positive
1189844355852110 ,Positive
1658070355824630 ,Negative
1321962168567680 ,Negative
1451149685026190 ,Negative
1526590576727290 ,Negative
160326049136401 ,Negative
144958712049606 ,Positive
1734372707188730 ,Positive
1448945583286790 ,Negative
1471123223758420 ,Negative
1697759703230520 ,Positive
1394955694757690 ,Negative
1348902490247750 ,Negative
1789125398852930 ,Positive
1329542660438460 ,Negative
1028241648956400 ,Positive
1010952036496780 ,Negative
1438476613795430 ,Positive
1133246463154350 ,Positive
1613509092650390 ,Positive
1464813627073330 ,Negative
1736430689350620 ,Positive
1629744378067560 ,Positive
134500938925210 ,Positive
1597110818434040 ,Positive
1103060263667840 ,Positive
1537426862352950 ,Negative
1681384359669030 ,Positive
1394632566733830 ,Negative
1658139586861230 ,Positive
1080499747801650 ,Positive
1731112684245270 ,Positive
1492005871501730 ,Positive
1759059476773270 ,Negative
1567775687116380 ,Negative
1726638538028020 ,Positive
1688321064628200 ,Positive
1347409332954100 ,Positive
1606869567310440 ,Negative
1078182797026060 ,Positive
1047086207938120 ,Negative
1730114987207460 ,Positive
1370623382244720 ,Negative
1187225920415420 ,Negative
1379432025273530 ,Negative
1604822626407010 ,Negative
1597824265046000 ,Positive
1726734033593020 ,Negative
1406391047857160 ,Negative
1380830690098030 ,Positive
1628805419235240 ,Negative
1375689569885330 ,Negative
1623791621258080 ,Negative
1537281851310640 ,Negative
1775200599837960 ,Positive
1580944438500120 ,Negative
1154904632569110 ,Negative
1035644495365350 ,Positive
1342502659223510 ,Positive
168449837853888 ,Positive
1536364390460070 ,Positive
1539332889913740 ,Positive
175685251087374 ,Positive
1643761532374030 ,Negative
1149087561237480 ,Positive
1579415095924150 ,Negative
1167033954317660 ,Positive
1151558115068180 ,Positive
1524068223641000 ,Negative
1757522946714830 ,Negative
1649844194114800 ,Negative
1368273441413050 ,Positive
1072381738215450 ,Positive
1419862297872420 ,Negative
1547690159797600 ,Negative
1424227532846400 ,Negative
1389989441945430 ,Negative
1501461618614360 ,Positive
1175488921253310 ,Positive
1705115054447950 ,Positive
1469617438211460 ,Negative
1703557539018130 ,Negative
1158265071784970 ,Positive
1756886928213480 ,Negative
1603355158930010 ,Positive
1483926670491830 ,Positive
1088670510904730 ,Negative
1176024822995890 ,Negative
1459053114708060 ,Negative
1395785657342190 ,Positive
1746932348109220 ,Positive
1746313536870500 ,Positive
1600887275453810 ,Negative
1120142712033860 ,Positive
1368933373772150 ,Positive
1204435373336940 ,Negative
1544111921668160 ,Negative
173503730787659 ,Positive
1153761972062250 ,Negative
1556671443310700 ,Positive
1150750554344950 ,Positive
1526202893808710 ,Negative
1432150240970070 ,Positive
1095345286815470 ,Negative
1026273887274400 ,Negative
1040592974533970 ,Negative
1048132999459630 ,Negative
1501945120929880 ,Negative
1557010617289450 ,Negative
170790031767370 ,Negative
1516502867028720 ,Negative
1730669600578260 ,Positive
1632349006072590 ,Negative
1716733609295350 ,Negative
1220548292388970 ,Positive
1018643807075580 ,Positive
1095938000061420 ,Positive
1239773764956070 ,Negative
1138554741543580 ,Negative
1525824038402060 ,Positive
1379570695172580 ,Negative
1633857341618720 ,Negative
1014920341911470 ,Negative
1126147416260010 ,Negative
1318280511150200 ,Positive
1233966778579180 ,Negative
1607721201810670 ,Negative
1693215645636730 ,Positive
1777103371159810 ,Positive
1231362594929510 ,Negative
1324601781817650 ,Negative
1623291657041740 ,Positive
1588600620791980 ,Negative
1000094138882660 ,Negative
1162244550964510 ,Positive
1413818977545490 ,Positive
1133575713876140 ,Negative
1684648561514860 ,Positive
1534399118495770 ,Negative
1496734223430940 ,Positive
1752635389001900 ,Negative
1589850284606190 ,Positive
1765664581337240 ,Negative
1730763150736120 ,Positive
1110984867957260 ,Negative
1168557342055320 ,Negative
1778148652105580 ,Negative
1723230981416610 ,Positive
1613994221044900 ,Positive
1044302097228440 ,Positive
1770332655753290 ,Negative
1561866190330370 ,Positive
1102415463042600 ,Negative
1629119582159130 ,Positive
1131844305475040 ,Positive
177135232766616 ,Negative
1166486441476930 ,Positive
1454236887489130 ,Negative
1351154284731660 ,Negative
114386150495690 ,Negative
1128710532221870 ,Negative
1375914279307790 ,Negative
123943809017016 ,Positive
1389305315302370 ,Negative
1229956358316760 ,Negative
1196232903204090 ,Positive
1149670045472640 ,Positive
1403661016438630 ,Positive
1111377774292210 ,Positive
1184553320605310 ,Positive
136348722110307 ,Positive
1174528921456550 ,Negative
1208263748809410 ,Positive
1584628343268680 ,Positive
163765706314417 ,Positive
1687882833882600 ,Positive
1155957674987850 ,Positive
143149913261382 ,Negative
17568129293599 ,Negative
1347136245115590 ,Positive
1090675233455330 ,Positive
105813482581640 ,Negative
1128146625152120 ,Positive
1767488476878620 ,Positive
1159799460700540 ,Positive
1768539147431650 ,Positive
1740892808966610 ,Negative
1704871840495620 ,Positive
1354641292977080 ,Positive
1188666988087150 ,Positive
1512334772643800 ,Negative
1646863244494490 ,Positive
1512392146791660 ,Positive
120608082032626 ,Positive
1595011335441040 ,Negative
1027134275487030 ,Positive
1051828691060490 ,Negative
1498215595468070 ,Positive
1505052433794520 ,Positive
1392194630447750 ,Negative
170098097370591 ,Positive
1418936492650520 ,Positive
167788053403200 ,Negative
1063399957524620 ,Positive
1417933870972290 ,Negative
155662257249124 ,Negative
1716135533244690 ,Negative
1146205969516210 ,Positive
1053698105121840 ,Negative
1143763778381820 ,Positive
1521291782292150 ,Negative
1204171361078560 ,Positive
176284908506146 ,Negative
1547844104638470 ,Positive
1407894393842630 ,Positive
1695609039879630 ,Negative
1231930746972110 ,Negative
1108333143540130 ,Negative
1408078122679820 ,Negative
1704922902361000 ,Positive
157877524561266 ,Positive
1101869314368380 ,Negative
144223464484686 ,Positive
104168827050522 ,Negative
1555612418169750 ,Negative
1610621169924260 ,Negative
1091839137529630 ,Negative
1053289445070820 ,Negative
17234214053852 ,Positive
1674998519396940 ,Positive
1391709592159740 ,Positive
1406561010650820 ,Positive
1690106192630040 ,Positive
1090580540512570 ,Negative
153785401037179 ,Positive
1522768546843330 ,Positive
1224488420011090 ,Positive
160191865980633 ,Negative
1213370677634010 ,Negative
1174192332352060 ,Negative
156853799179916 ,Positive
1656726170404370 ,Negative
153469194143777 ,Positive
1152023900228180 ,Negative
1707525935677030 ,Positive
1686526238947180 ,Positive
1003011347500740 ,Negative
1538398499083120 ,Positive
102028860534776 ,Negative
1394021681453030 ,Negative
1226333422954530 ,Positive
1471013371176140 ,Negative
1185800779279430 ,Negative
1114037420912260 ,Negative
1332841291094220 ,Positive
1644551533071330 ,Positive
1409159085211200 ,Positive
1785327215345570 ,Positive
134715575389720 ,Negative
1165175647082630 ,Negative
1590419079202990 ,Negative
175859801555713 ,Negative
1026167598771740 ,Positive
1223026033634160 ,Negative
1206759892980690 ,Positive
1376303369876030 ,Positive
1473354550250930 ,Positive
1334120001793250 ,Positive
122797514260767 ,Positive
1736820670029070 ,Negative
1410977372601150 ,Negative
10002760868742 ,Positive
1437687511089870 ,Negative
1481620052126200 ,Positive
1208847360636260 ,Negative
1568626083069830 ,Negative
1496738300469860 ,Negative
178052168548362 ,Negative
1072269477391270 ,Positive
1130216746746020 ,Positive
1110845434407330 ,Positive
161293336342350 ,Negative
1404819803356310 ,Positive
1576274257690010 ,Positive
1759939734552720 ,Negative
1231229448716020 ,Positive
1630890387798940 ,Positive
1559000240232470 ,Positive
1765828302983070 ,Positive
1120551876826450 ,Negative
1372491750107290 ,Negative
1656972499367350 ,Negative
1568709727408050 ,Negative
1713313437956980 ,Positive
174793405361760 ,Positive
106822971686113 ,Positive
106930729798879 ,Positive
1352175754471250 ,Negative
1645389864907520 ,Positive
1569714852239030 ,Positive
1588923474550110 ,Negative
1715294122480700 ,Negative
113002705732575 ,Positive
1435887842641350 ,Negative
1722791573816390 ,Negative
1425575423949900 ,Negative
1624802507667410 ,Negative
1394067498371000 ,Positive
1329558857332460 ,Negative
1236043282465770 ,Negative
1770991302079260 ,Negative
1071533701275050 ,Positive
1621548651710370 ,Positive
1056570402688090 ,Negative
1332606739675350 ,Negative
1543291582084050 ,Negative
1444347265350680 ,Positive
1178642354838040 ,Positive
175425061606555 ,Positive
1643812502709600 ,Negative
1524968102445850 ,Negative
1768899072610500 ,Negative
1641899319909610 ,Positive
1242610241594410 ,Positive
1068993034455880 ,Negative
1614895070024730 ,Positive
1535484759792940 ,Positive
1659950483942120 ,Negative
1461310075647890 ,Positive
161923032882229 ,Negative
1633149218765350 ,Positive
1369523298995970 ,Positive
1669475202878630 ,Negative
1353157372968070 ,Positive
1749419303894080 ,Negative
1342560814375490 ,Positive
1064109411475530 ,Positive
1226532416264680 ,Negative
1422412074630400 ,Negative
1206563619723270 ,Positive
1580641536367210 ,Positive
1681393856299360 ,Negative
1388719914524170 ,Negative
1566880943712080 ,Negative
1401650714061640 ,Negative
1178248811737700 ,Negative
1243022620326090 ,Negative
132868429203573 ,Negative
1079790626171560 ,Positive
136874688902897 ,Negative
144975048832182 ,Negative
118300865875465 ,Negative
158438076872786 ,Negative
1420833261225360 ,Negative
1422816850004290 ,Negative
1095682547485000 ,Positive
1520667568563670 ,Positive
1179820539548520 ,Negative
160434015309562 ,Negative
1177373939858420 ,Negative
1371500034788410 ,Negative
1752917152975940 ,Positive
1715665306409100 ,Negative
1735326337316400 ,Negative
1413394911037520 ,Negative
1060503194375870 ,Positive
123586377907187 ,Positive
1629333916754490 ,Positive
1160280777153210 ,Positive
1235478647465530 ,Negative
1394675511180260 ,Positive
1365520600949280 ,Negative
1449468109224980 ,Negative
1464504429808420 ,Negative
1216002216498330 ,Positive
1409874103207720 ,Negative
1391937710604010 ,Negative
1654114491177700 ,Negative
1418474881295090 ,Negative
